{"cameraMode":{"drawMode":0,"name":"Shaded","section":"Shading Mode"},"sceneLighting":true,"audioPlay":false,"sceneViewState":{"m_AlwaysRefresh":false,"showFog":true,"showSkybox":true,"showFlares":true,"showImageEffects":true,"showParticleSystems":true,"showVisualEffectGraphs":true,"m_FxEnabled":true},"in2DMode":false,"pivot":{"x":-0.8952789902687073,"y":-5.332144737243652,"z":10.923537254333496},"rotation":{"x":-0.30293509364128115,"y":0.014864007011055947,"z":-0.0047254012897610668,"w":-0.9528844952583313},"size":12.438474655151368,"orthographic":false}