{"cameraMode":{"drawMode":0,"name":"Shaded","section":"Shading Mode"},"sceneLighting":false,"audioPlay":false,"sceneViewState":{"m_AlwaysRefresh":false,"showFog":true,"showSkybox":false,"showFlares":true,"showImageEffects":true,"showParticleSystems":true,"showVisualEffectGraphs":true,"m_FxEnabled":true},"in2DMode":false,"pivot":{"x":5.743135929107666,"y":9.725324630737305,"z":29.402128219604493},"rotation":{"x":-0.11936826258897782,"y":-0.8792269229888916,"z":0.29851579666137698,"w":-0.35157501697540285},"size":12.292118072509766,"orthographic":false}