{"cameraMode":{"drawMode":0,"name":"Shaded","section":"Shading Mode"},"sceneLighting":false,"audioPlay":false,"sceneViewState":{"m_AlwaysRefresh":false,"showFog":true,"showSkybox":false,"showFlares":true,"showImageEffects":true,"showParticleSystems":true,"showVisualEffectGraphs":true,"m_FxEnabled":true},"in2DMode":false,"pivot":{"x":9.479999542236329,"y":0.9538682103157044,"z":-0.46000003814697268},"rotation":{"x":-0.14466531574726106,"y":-0.6281173825263977,"z":0.12034992128610611,"w":-0.7550227046012878},"size":2.4936869144439699,"orthographic":false}