{"cameraMode":{"drawMode":0,"name":"Shaded","section":"Shading Mode"},"sceneLighting":false,"audioPlay":false,"sceneViewState":{"m_AlwaysRefresh":false,"showFog":true,"showSkybox":false,"showFlares":true,"showImageEffects":true,"showParticleSystems":true,"showVisualEffectGraphs":true,"m_FxEnabled":true},"in2DMode":false,"pivot":{"x":-0.45087337493896487,"y":3.414724349975586,"z":8.840981483459473},"rotation":{"x":-0.33406302332878115,"y":0.031658366322517398,"z":-0.011227997951209546,"w":-0.9419570565223694},"size":9.208951950073243,"orthographic":false}